movie_id,country
2,United States
3,United States
4,United States
5,United States
6,United States
7,United States
8,United States
9,United States
10,United States
12,United States
13,United States
14,United States
15,United States
16,United States
17,United States
18,United States
19,United States
20,United States
21,United States
22,United States
23,United States
24,United States
25,United Kingdom
26,United States
27,United States
29,United States
30,United States
31,United States
32,United States
33,United States
34,United States
35,United States
36,United States
37,United States
38,United States
39,United States
40,United States
41,United States
42,United States
43,United States
44,United States
45,United States
46,United States
47,United States
48,United States
49,United States
50,United States
51,United States
52,United States
53,United States
54,United States
55,United States
56,United States
57,United States
58,United States
59,United States
60,United States
61,United States
62,United States
63,United States
64,United States
65,United States
66,United States
67,United States
68,United States
69,United States
70,United States
71,United States
72,United States
73,United States
74,United States
75,United States
76,United States
77,United Kingdom
78,United States
79,France
80,United States
81,United Kingdom
82,United States
83,United States
84,United States
86,United States
87,United States
88,United States
89,United States
90,United States
91,United States
92,United States
94,United States
95,United States
96,United States
97,United States
98,United States
99,United States
100,United States
101,United States
102,United States
103,United States
104,United States
105,United States
106,United States
107,United States
108,United States
109,United States
110,United States
111,United States
112,United States
113,United States
114,United Kingdom
116,United States
117,United States
118,United States
120,United States
121,United States
122,United States
123,United States
124,United States
125,United States
126,United States
127,United Kingdom
128,United States
129,United States
130,United States
131,United States
132,United States
133,United States
134,United States
135,United States
136,United States
137,United States
138,United States
139,United States
140,United States
141,United States
142,United States
143,United States
144,United Kingdom
146,United States
147,United States
148,United States
149,United States
150,United States
151,United Kingdom
152,United States
153,United Kingdom
154,United States
155,United Kingdom
156,United States
157,United States
158,United States
159,United States
160,United States
161,United States
162,United States
164,United States
165,United States
166,United States
167,United States
168,United States
169,United States
170,United States
171,United States
172,United States
173,United States
174,United States
176,United Kingdom
178,United States
179,United States
180,United States
181,United States
182,United States
183,United States
184,United States
185,United States
186,United States
187,United States
188,United States
189,United States
190,United States
191,United States
192,United States
193,United States
194,United States
195,United States
196,United States
197,United States
199,United States
200,United States
201,United States
202,United States
203,United States
204,United States
205,United States
206,United States
207,United States
208,United States
209,United States
210,United States
211,United States
212,United Kingdom
213,United States
254,United States
294,United States
329,United States
470,United States
485,United States
498,United States
504,United States
565,United States
700,United States
765,United States
766,United States
768,United States
838,United States
860,United States
895,United States
916,United States
1058,United States
1085,United Kingdom
1110,United States
1129,United States
1155,United States
1179,United States
1216,United States
1231,United States
1285,United States
1367,United States
1412,United States
1481,United States
1538,United States
1562,United States
1590,United States
1612,United States
1647,United States
1663,United States
1664,United States
1665,United States
1666,United States
1667,United States
1668,United Kingdom
1669,United States
1670,United States
1671,United States
1672,United States
1673,United States
1674,United States
1675,United States
1676,United States
1677,United States
1678,United States
1679,United States
1680,United States
1681,United States
1682,France
1683,United States
1684,United States
1685,United States
1686,United States
1687,United States
1688,Italy
1689,United States
1690,Italy
1691,United Kingdom
1692,United States
1694,United States
1695,United States
1696,United States
1697,United States
1698,United States
1699,United States
1700,United States
1701,United States
1702,United States
1703,United Kingdom
1704,United States
1705,United States
1706,United States
1707,United States
1708,United States
1709,United States
1711,United Kingdom
1712,United States
1713,United States
1714,United States
1715,United States
1716,France
1717,United States
1718,United States
1719,United States
1720,Italy
1721,United Kingdom
1722,United States
1723,United States
1724,United States
1726,United States
1727,United States
1728,United States
1729,United States
1730,France
1731,United States
1732,United States
1733,Sweden
1735,United Kingdom
1738,Greece
1739,Soviet Union
1742,United States
1743,United States
1745,United States
1746,Sweden
1747,United States
1749,Italy
1750,United States
1752,United States
1753,Italy
1755,Italy
1761,United Kingdom
1762,United States
1763,United States
1764,United States
1765,France
1768,United States
1769,United Kingdom
1771,United States
1773,United States
1774,United States
1775,United States
1776,United States
1777,United States
1778,France
1779,Italy
1780,United States
1781,United States
1782,United Kingdom
1784,United States
1786,United Kingdom
1787,United States
1788,Sweden
1789,United States
1790,United Kingdom
1791,United States
1792,United States
1794,United States
1797,Canada
1798,United States
1799,France
1800,United States
1801,United States
1802,Italy
1803,United States
1804,United States
1806,United States
1807,West Germany
1808,United States
1809,United States
1810,United States
1811,United States
1812,United States
1813,United States
1814,United States
1816,United States
1817,United States
1818,France
1819,United States
1820,United States
1821,United States
1823,United States
1824,United States
1825,United States
1826,United States
1827,United States
1828,United States
1830,United States
1831,United States
1832,United States
1833,United States
1835,United States
1836,United States
1838,Argentina
1839,United States
1841,United Kingdom
1842,United States
1843,United States
1845,United States
1847,United States
1848,United States
1849,United States
1851,United States
1852,United States
1853,United States
1854,United States
1855,United States
1857,United States
1858,United States
1860,United States
1861,United States
1862,United States
1863,United States
1864,United States
1865,United States
1867,United States
1868,United States
1869,United States
1870,United States
1871,United States
1872,United States
1873,United States
1874,United Kingdom
1875,New Zeal
1878,United States
1879,United States
1880,United States
1881,United States
1882,United States
1884,Australia
1885,United States
1886,United States
1887,United States
1889,United States
1890,Italy
1891,United States
1892,United States
1893,United States
1894,United States
1895,United States
1896,United Kingdom
1898,United Kingdom
1899,United States
1902,United States
1903,United States
1905,United States
1907,Mexico
1909,United Kingdom
1910,United States
1914,United States
1915,United Kingdom
1918,United States
1919,United States
1921,United States
1925,United States
1926,United States
1927,United States
1928,United States
1929,United Kingdom
1931,United States
1933,United States
1935,United States
1937,United Kingdom
1939,United States
1940,France
1941,United States
1942,United States
1943,Iran
1945,United States
1946,United States
1947,United States
1948,United States
1949,United States
1950,United States
1951,United States
1952,United States
1953,United States
1955,United States
1958,United States
1959,United States
1960,United States
1961,United States
1963,United States
1964,United States
1965,United States
1969,United States
1971,United States
1972,United States
1976,United States
1977,United States
1978,United States
1979,United States
1980,United States
1983,United States
1986,United States
1987,United States
1988,United States
1992,Germany
2042,United States
2077,France
2089,United Kingdom
2042,United Kingdom
2042,British India
2122,France
2132,Engl
2135,Germany
2042,Irel
2144,United Kingdom
2165,United States
2180,United States
2223,United States
2226,United States
2234,United States
2242,Japan
2243,United States
2244,United States
2253,United States
2254,United States
2256,United States
2257,United States
2258,United States
2259,United States
2261,United States
2264,United States
2268,Japan
2270,United States
2271,United States
2274,United States
2276,United States
2277,United States
2279,United States
2281,United States
2284,United States
2289,United States
2290,United States
2292,United States
2293,United States
2295,United States
2297,United States
2298,United States
2300,Japan
2302,United States
2303,United States
2305,Japan
2307,United States
2308,Brazil
2310,Japan
2312,United States
2313,United States
2317,United States
2322,United States
2325,United States
2327,United States
2328,France
2330,United States
2332,United States
2338,United States
2340,United States
2342,United States
2343,United States
2345,United States
2347,United States
2348,United States
2350,United States
2352,United States
2353,Australia
2354,United Kingdom
2355,United States
2609,Australia
2610,USSR
2611,United States
2612,United States
2613,United States
2614,United States
2615,United States
2616,United States
2619,Canada
2620,United States
2621,United Kingdom
2626,United States
2627,United States
2628,United States
2632,United States
2633,United Kingdom
2634,United States
2635,United States
2636,United States
2637,United States
2638,United States
2639,United States
2641,United States
2642,United States
2643,United States
2644,United Kingdom
2645,United States
2646,Nigeria
2647,United States
2649,United States
2651,United States
2652,United States
2653,United States
2654,United States
2655,United States
2656,United Kingdom
2657,United Kingdom
2658,United States
2659,Canada
2660,United States
2661,France
2662,France
2663,United States
2664,Denmark
2665,United States
2666,United States
2667,Mexico
2669,United Kingdom
2670,United States
2671,United States
2672,Germany
2673,United States
2675,United States
2676,France
2677,Italy
2678,United States
2679,West Germany
2680,United States
2681,France
2682,United States
2684,United Kingdom
2685,United States
2686,Netherl
2686,s
2687,France
2688,United States
2689,United States
2690,United Kingdom
2691,United States
2692,France
2693,United Kingdom
2694,United States
2695,Canada
2696,United States
2697,France
2698,France
2699,United States
2700,United States
2701,United Kingdom
2702,United States
2703,United States
2704,United States
2705,United States
2706,United States
2707,France
2708,United States
2709,United States
2710,Mexico
2711,United States
2713,West Germany
2714,United States
2715,United States
2716,United States
2717,United States
2718,United States
2719,United States
2722,United States
2723,Netherl
2723,s
2724,United States
2725,United States
2726,West Germany
2727,United States
2728,United States
2729,West Germany
2730,United States
2731,United States
2732,United States
2733,United States
2734,United States
2735,Israel
2736,United States
2738,United States
2739,United States
2740,United States
2741,United States
2742,United States
2743,United States
2744,New Zeal
2745,United States
2746,Canada
2747,United States
2748,United States
2749,Canada
2750,Canada
2751,United States
2752,United States
2753,France
2754,United States
2756,United States
2757,United States
2758,United States
2759,Canada
2760,United States
2761,United States
2763,United States
2764,United States
2765,Australia
2766,West Germany
2767,United States
2768,United States
2769,United States
2770,United States
2771,United States
2772,Canada
2773,Canada
2774,United States
2775,United States
2777,United States
2778,United States
2779,Australia
2780,Canada
2781,United States
2782,United States
2783,United States
2784,United States
2785,West Germany
2786,United States
2787,United States
2788,Argentina
2789,United States
2790,United States
2791,United States
2792,Canada
2793,United States
2794,Australia
2795,United States
2796,United States
2797,United States
2798,United States
2799,United States
2800,United States
2801,United States
2803,United States
2804,United States
2806,United States
2807,United States
2808,United States
2809,United States
2810,United States
2811,United States
2813,United States
2814,United States
2815,United States
2816,United States
2817,United States
2818,United States
2819,United States
2820,United States
2821,United States
2822,United States
2823,United States
2824,United States
2825,United States
2827,United States
2828,Canada
2829,United States
2830,United States
2831,United States
2832,United States
2833,United States
2834,United States
2835,United States
2836,United States
2837,United Kingdom
2838,United States
2839,United States
2840,United States
2841,United States
2842,United States
2843,United States
2845,United States
2846,United States
2847,United States
2848,United States
2849,United States
2850,United States
2851,United States
2852,United States
2853,United States
2854,United States
2855,United States
2856,United States
2857,United Kingdom
2859,United States
2860,United States
2861,United States
2863,United States
2864,United States
2865,United States
2866,United States
2869,United States
2870,United States
2871,Switzerl
2873,United States
2876,United States
2878,United States
2879,United States
2880,United States
2883,United States
2884,United States
2885,United States
2886,France
2888,United States
2889,United States
2890,United States
2891,United States
2892,United States
2893,United States
2894,United States
2895,United States
2896,United States
2897,United States
2898,United States
2899,United States
2900,United States
2902,United States
2903,United States
2904,United States
2905,United States
2906,United States
2907,Denmark
2908,United States
2909,United States
2910,United States
2912,United Kingdom
2913,United States
2914,United States
2916,United States
2919,United States
2920,Germany
2924,United States
2925,United States
2926,United States
2928,United States
2929,United States
2932,United States
2933,United States
2936,United Kingdom
2937,United States
2939,United States
2941,United States
2942,Italy
2944,United States
2945,United States
2946,United States
2947,United States
2948,France
2951,United States
2952,United States
2953,United States
2955,United States
2956,United States
2958,Brazil
2960,North Macedonia
2961,South Africa
2963,United States
2965,United States
2966,United States
2967,United States
2968,United States
2969,India
2970,United States
2972,United States
2975,Ukraine
2977,Chile
2978,Canada
2985,United States
2986,United States
2987,United States
2988,United States
2989,United States
2990,United States
2991,United States
2992,United States
2993,United States
2994,United States
2995,United States
2996,United States
2997,United States
2998,United States
2999,United States
3000,United States
3001,United States
3002,United States
3003,United States
3004,United States
3005,United States
3006,United States
3007,United States
3008,United States
3009,United States
3010,United States
3011,United States
3012,United States
3013,United States
3014,United States
3015,United States
3016,United States
3017,United States
3018,United States
3019,United States
3020,United States
3021,United States
3022,United States
3023,United States
3024,United States
3025,United States
3026,United States
3027,United States
3028,United States
3029,United States
3030,United States
3031,United States
3032,United States
3034,United States
3035,United States
3037,United States
3038,United States
3039,United States
3041,United States
3042,United States
3043,United States
3044,United States
3045,United States
3046,United States
3047,United Kingdom
3048,United States
3049,United States
3050,United States
3051,United States
3052,United States
3053,United States
3054,United States
3055,United States
3056,United States
3057,United States
3058,United States
3059,United States
3060,United States
3061,United States
3062,United States
3063,United States
3064,United States
3065,United States
3066,United States
3067,United States
3068,United States
3069,United States
3070,United States
3071,United States
3072,United States
3073,United States
3074,United States
3075,United States
3076,United States
3077,United States
3078,United States
3079,United States
3080,United States
3081,United States
3082,United States
3083,United States
3084,United States
3085,United States
3086,United States
3087,United States
3088,United States
3090,United States
3091,United States
3092,United States
3093,United States
3094,United States
3095,United States
3096,United States
3097,United States
3098,United States
3099,United States
3100,United States
3101,United States
3102,United States
3103,United States
3104,United States
3105,United States
3106,United States
3107,United States
3108,United States
3109,United States
3110,United States
3111,United States
3112,United States
3113,United States
3114,United States
3115,United States
3116,United States
3117,United States
3118,United States
3119,United States
3120,United States
3121,United States
3122,United States
3123,United States
3124,United States
3125,United States
3126,United States
3127,United States
3128,United States
3129,United States
2232,United States
3130,United States
3131,United States
3132,United States
3133,United States
3134,United States
3135,United States
3136,United States
3137,United States
3138,United States
1837,United States
3139,United States
3140,United States
3142,United States
3143,United States
3144,United States
3145,United States
3146,United States
3147,United States
3148,United States
3149,United States
3150,United States
3151,United States
3152,United States
3153,United States
3154,United States
3155,United States
3156,United States
3157,United States
3158,United States
3159,United States
3160,United States
3161,United States
3162,United States
3163,United States
3164,United States
3165,United States
3166,United States
3167,United States
3168,United States
3169,United States
3170,United States
3171,United States
3172,United States
3173,United States
28,United States
3174,United States
3175,United States
3176,United States
3177,United States
3178,United States
3180,United States
3181,United States
3182,United States
3183,United States
3185,United States
3186,United States
3187,United States
3188,United States
3189,United States
3190,United States
3191,United States
3192,United States
3193,United States
3194,United States
3195,United States
3196,United States
3197,United States
3198,United States
3199,United States
3200,United States
3201,United States
3202,United States
3203,United States
3204,United States
3206,United States
3207,United States
3208,United States
3209,United States
3210,United States
3211,United States
3212,United States
3213,United States
3214,United States
3215,United States
3216,United States
3217,United States
3218,United States
3220,United States
3221,United States
3222,United States
3223,United States
3224,Italy
3225,United States
3227,United States
3228,United States
3229,United States
3230,United States
3231,United States
3232,United States
3233,United States
3234,United States
3235,United States
3236,United States
3237,United States
3238,United States
3240,United States
3241,United States
3242,United States
3244,United States
3245,United States
3246,United States
3247,United States
3248,United States
3249,United States
3250,United States
3251,United States
3252,United States
3253,United States
3254,United States
3255,United States
3256,United Kingdom
3257,United States
3258,United States
3259,United States
3260,United States
3261,United States
3262,United States
3263,United States
3265,United States
3266,United States
3268,United States
3269,United States
3270,United States
3271,United States
3272,United States
3273,United States
3274,United States
3275,United States
3276,United States
3278,United States
3280,United States
3281,United States
3282,United States
3283,United States
3284,Soviet Union
3285,United States
3287,United States
3288,United States
3289,United States
3290,United States
3291,United States
3292,United States
3294,United Kingdom
3295,United States
3296,United States
3297,United States
3298,United States
3299,United States
3300,United States
3301,France
3302,United States
3303,United States
3305,United States
3306,United States
3307,United States
3308,United States
3309,United States
3310,United States
3312,United States
3313,United States
3314,United States
3315,United States
3316,United States
3317,United States
3318,United States
3319,United Kingdom
3321,United States
3322,United States
3323,United States
3327,United States
3329,United States
3330,United States
3331,United States
3332,United Kingdom
3333,United States
3334,United States
3335,United States
3336,United States
3337,United Kingdom
3338,Canada
3339,United States
3340,United States
3341,United States
3344,United States
3345,United States
3346,France
3347,United States
3348,United Kingdom
3349,United States
3350,United States
3351,United States
3352,United States
3353,United States
3354,United States
3356,United Kingdom
3358,United Kingdom
3359,United States
3360,United States
3361,United States
3364,United Kingdom
3365,United States
3367,United States
3369,United Kingdom
3370,Soviet Union
3372,United States
3373,United States
3375,United States
3376,United States
3378,United States
3380,United States
3381,United States
3382,United States
3384,United States
3385,United States
3386,United States
3387,United States
3388,United States
3390,United States
3391,United States
3392,United States
3394,United States
3395,United States
3396,United States
3397,United States
3398,United States
3399,United States
3401,United States
3402,United Kingdom
3404,United States
3405,United States
3406,United States
3408,United States
3410,United States
3411,United States
3415,United States
3416,United Kingdom
3419,United States
3421,United States
3423,United States
3426,United States
3427,United States
3428,United States
3431,United States
3433,United States
3436,United States
3438,United States
3439,United States
3441,United States
3444,United States
3445,United States
3446,United States
3447,United States
3448,United States
3449,United States
3450,United States
3451,United States
3452,United States
3453,United States
3456,United States
3457,United States
3459,United States
3460,United States
3461,United States
3462,United States
3463,United States
3464,United States
3465,United States
3466,United States
3469,United States
3471,United States
3474,United States
3475,United States
3476,United States
3477,United States
3478,United States
3479,United States
3480,United States
3482,United States
3483,United States
3484,United States
3485,United States
3486,United States
3488,United States
3489,United States
3490,United States
3491,United States
3492,United States
3493,United States
3497,United States
3498,United States
3499,United States
3500,United States
3501,United States
3503,United States
3505,United States
3507,United States
3509,United States
3510,United States
3511,United States
3512,United States
3515,United States
3517,United States
3519,United States
3520,United States
3521,United States
3523,United States
3524,United States
3525,United States
3526,United States
3527,United Kingdom
3528,United States
3529,United States
3531,United States
3532,United States
3533,United States
3534,United States
3536,United States
3538,United States
3539,United States
3543,United States
3545,United States
3546,United States
3549,United States
3551,United States
3553,United States
3558,United States
3559,United States
3561,United States
3565,United States
3566,United Kingdom
3568,United States
3569,United States
3571,United States
3572,United States
3573,United States
3575,United States
3586,United States
3590,United States
3599,United States
3600,United States
3603,United States
3604,United States
3607,United States
3608,United States
3609,United States
3610,United States
3611,United States
3612,United States
3613,United States
3614,United States
3615,United States
3616,United States
3617,United States
3618,Spain
3620,United States
3621,United States
3622,United States
3623,United States
3626,France
3627,United States
3629,United States
3630,United States
3631,United States
3632,United States
3633,United States
3634,United States
3635,United States
3636,United States
3637,United States
3638,United States
3639,United States
3640,United States
3641,United States
3642,United States
3643,United States
3644,United States
3645,United States
3646,United States
3647,United States
3648,United States
3649,United States
3650,United States
3651,United States
3652,United States
3653,United States
3654,United States
3655,United States
3656,United States
3657,United States
3658,United States
3659,United States
3660,United States
3661,United States
3662,United States
3663,United States
3664,United States
3666,United States
3667,United States
3668,United States
3669,United States
3670,United States
3671,United States
3672,United States
3673,United States
3674,United States
3675,United States
3676,United States
3677,United States
3678,United States
3679,United States
3680,United States
3681,United States
3682,United States
3683,United States
3684,United States
3685,United States
3687,United States
3688,United States
3689,United States
3690,United States
3691,United States
3693,United States
3694,United States
3695,United States
3696,United States
3697,United States
3698,United States
3699,United States
3700,United States
3701,United States
3702,United States
3703,United States
3704,United States
3705,United States
3706,United States
3707,United States
3708,United States
3709,United States
3710,United States
3711,United States
3712,United States
3713,United States
3714,United States
3715,United States
3716,United States
3717,United States
3718,United States
3719,United States
3720,United States
3721,United States
3722,United States
3723,United States
3724,United States
3726,United States
3727,United States
3728,United States
3730,United States
3731,United States
3732,United States
3733,United States
3734,United States
3735,United States
3736,Italy
3737,United States
3738,United States
3739,United States
3740,United States
3742,United Kingdom
3743,United States
3744,United Kingdom
3745,United States
3747,United States
3749,United States
3750,United States
3751,United Kingdom
3752,United States
3753,United States
3755,United States
3756,United States
3757,United States
3758,United States
3759,United States
3760,United States
3761,United States
3762,United States
3763,United States
3765,United States
3766,United States
3767,United States
3768,United Kingdom / Republic of South Africa
3769,United States
3770,United States
3771,United States
3772,United States
3773,United States
3774,United Kingdom
3775,United States
3776,United States
3777,United States
3778,United States
3779,United States
3780,United States
3781,United States
3782,United States
3783,United States
3784,United States
3785,United States
3786,United States
3787,United States
3788,United States
3791,United States
3792,United States
3794,United States
3795,United States
3796,United States
3797,United States
3798,United States
3800,United States
3801,United States
3802,United States
3803,United States
3804,United States
3805,United States
3807,United States
3808,United States
3809,United States
3810,United States
3811,West Germany
3812,United Kingdom
3813,United States
3814,United States
3815,United Kingdom
3817,United States
3818,United States
3819,United States
3820,United States
3821,United States
3822,United States
3825,United States
3826,United States
3827,United States
3828,United States
3830,United States
3831,United States
3833,United States
3834,United States
3835,United States
3836,United States
3837,United States
3838,United States
3840,United States
3841,United States
3842,United States
3843,United States
3844,United States
3845,United States
3849,United States
3850,United States
3851,United States
3852,United States
3853,United States
3856,United States
3858,United States
3862,United States
3863,United States
3865,United States
3866,United States
3869,Irel
3871,United States
3872,United States
3876,United States
3877,United States
3878,United States
3879,United States
3880,United States
3881,United States
3882,United States
3885,United States
3886,United States
3887,United States
3891,United States
3892,United States
3894,United States
3896,United States
3898,United States
3899,United States
3900,United States
3901,United States
3903,United States
3904,United States
3905,United States
3906,United States
3908,United States
3909,Italy
3910,United States
3912,United States
3913,United States
3915,United States
3916,United States
3918,United States
3920,United States
3921,United States
3923,United States
3924,United States
3926,United States
3927,United States
3930,United States
3931,United States
3932,United States
3933,United States
3934,United States
3935,United States
3936,United States
3937,United States
3938,United States
3939,United States
3940,United States
3941,United States
3942,United States
3943,United States
3944,United States
3945,United States
3946,United States
3948,United States
3949,United States
3950,United States
3951,United States
3952,United States
3953,United States
3954,United States
3955,United States
3956,United States
3957,United States
3958,United States
3959,United States
3960,United States
3961,United States
3962,United States
3963,United States
3964,United States
3965,United States
3966,United States
3967,United States
3969,United States
3970,United States
3971,United States
3972,United States
3973,United States
3975,United States
3976,United States
3977,United States
3978,United Kingdom
3979,United States
3980,United States
3981,United States
3982,United States
3983,United States
3984,United States
3985,United States
3986,United States
3987,United States
3988,United States
3989,United States
3991,United States
3992,United States
3993,United States
3994,United States
3995,United States
3996,United States
3997,United States
3998,United States
3999,United States
4000,United States
4001,United States
4002,United States
4003,United States
4005,United States
4006,United States
4007,United States
4008,United States
4009,United States
4010,United States
4011,United States
4012,United States
4013,United States
4014,United States
4015,United States
4016,United States
4017,United States
4018,United States
4019,United States
4020,United States
4022,United States
4023,United States
4024,United States
4025,United States
4026,United States
4027,United States
4028,United Kingdom
4029,United States
4031,United States
4032,United States
4033,United States
4034,United States
4035,United States
4036,United States
4037,United States
4038,United States
4039,United States
4040,United States
4041,United States
4042,United States
4043,United States
4044,United States
4045,United States
4046,United States
4048,United States
4049,United States
4050,United States
4051,United States
4052,United States
4053,United States
4054,United States
4055,United States
4057,United States
4058,United Kingdom
4059,United States
4060,United States
4061,United States
4062,United States
4065,United States
4066,United States
4068,United States
4069,United States
4070,United States
4071,United States
4072,United States
4073,United States
4074,United States
4075,United States
4077,United States
4078,United States
4079,United States
4080,United States
4082,United States
4083,United States
4085,United States
4088,West Germany
4090,United States
4091,United States
4093,United States
4094,United Kingdom
4095,United States
4096,United States
4097,United States
4098,United States
4099,United States
4100,United States
4102,United States
4103,United States
4104,United States
4106,United States
4108,China
4110,United States
4111,United States
4112,United States
4113,United States
4114,United States
4115,China
4119,United States
4121,United States
4123,United States
4132,United States
4140,United States
4142,United States
4143,United States
4149,United States
4151,United States
4155,United States
4157,United States
4159,United States
4163,Germany
4164,United States
4168,United States
4169,Mexico
4172,Chile
4173,United States
4175,United States
4177,United States
4178,United States
4180,United States
4181,United Kingdom
4182,United States
4183,United States
4184,United States
4186,United States
4187,United States
4188,United States
4189,United States
4190,United States
4191,United States
4192,United States
4193,United States
4194,United States
4195,United States
4197,United States
4198,United States
4199,United States
4200,United States
4201,United States
4202,United States
4203,United States
4204,United States
4205,United States
4207,United States
4208,United States
4209,United States
4211,United States
4213,United States
4214,United States
4215,United States
4217,United States
4218,United States
4220,United States
4221,United States
4223,United States
4224,United States
4225,United States
4226,United States
4227,United States
4228,United States
4229,United States
4230,United States
4232,United Kingdom
4233,United States
4235,United States
4237,United States
4238,United States
4239,United States
4240,United States
4241,United States
4242,United States
4243,United States
4244,France
4245,United States
4246,United States
4248,United States
4249,United States
4251,United States
4253,United States
4254,United States
4256,United States
4257,United States
4258,United States
4260,United States
4261,United States
4262,United States
4263,United States
4266,United States
4269,United States
4270,United States
4271,United States
4272,United States
4275,United States
4277,United States
4280,United States
4281,United States
4284,United States
4286,United States
4287,United States
4288,United States
4290,United States
4291,United States
4292,United States
4293,United States
4295,United States
4298,United States
4301,United States
4305,United States
4307,United States
4738,United States
4740,United States
4742,United States
4743,United States
4744,United States
4745,United States
4747,United States
4748,United States
4749,United States
4750,United States
4751,United States
4753,United States
4755,United States
4756,United States
4757,United States
4758,United States
4760,United States
4762,United States
4763,United States
4764,United States
4765,United States
4766,United States
4767,United Kingdom
4768,United States
4769,United States
4770,United States
4773,United States
4774,United States
4777,United States
4779,United States
4781,United States
4782,United States
4784,United States
4786,United Kingdom
4787,Canada
4788,United States
4792,United States
4794,United States
4795,United States
4796,United States
4799,Sweden
4800,United States
4801,United Kingdom
4802,United States
4803,Sweden
4806,United States
4808,United States
4809,United States
4810,United States
4811,United States
4812,United States
4813,United States
4814,United States
504,Germany
4818,United States
4819,United States
4822,United States
4824,United States
4825,United States
4826,United States
4827,United States
4828,United States
4832,United States
4834,United States
4835,United States
4836,United States
4837,United States
4838,United States
4839,United States
4840,United States
4841,United States
4842,United States
4843,United States
4844,United States
4845,United States
4846,United States
4847,United States
4848,United States
4849,United States
4850,United States
4851,United States
4852,United States
4853,United States
4854,United States
4855,United States
4856,United States
4857,United States
4858,United States
4859,United States
4860,United States
4861,United States
4862,United States
4863,United States
4864,United States
4865,United States
4866,United States
4867,United States
4868,United States
4869,United States
4870,United States
4871,United States
4872,United States
4873,United States
4874,United States
4875,United States
4876,United States
4877,United States
4878,United Kingdom
4879,United States
4880,United States
4881,United States
4882,United Kingdom
4883,United Kingdom
4884,United States
4885,United States
4886,United States
4887,United States
4889,United States
4890,United States
4891,United Kingdom
4892,United States
4893,United States
4894,United States
4895,United States
4897,United States
4898,United States
4899,United States
4900,United States
4901,United States
4903,United States
4904,United States
4905,United States
4906,United States
4907,United States
4909,United States
4910,United States
4911,United States
4914,United States
4915,United States
2661,United States
4918,United States
4919,United States
4921,United States
4922,United States
4924,United States
4925,United States
4926,United States
4927,United States
4928,United States
4930,United States
4931,United States
4932,United States
4933,United States
4934,United States
4935,United States
4936,United States
4937,United States
4938,United States
4939,United States
4941,United States
4942,United States
4943,United States
4944,France
4945,United States
4946,United States
4947,United States
4948,United States
4951,United States
4952,United States
4954,United States
4955,United States
4956,United States
4958,United States
4959,United States
4960,United States
4961,United States
4963,United States
4966,United States
4967,United States
4968,United States
4970,United States
4973,United States
4975,United States
4978,United States
4979,United States
4980,United States
4981,United States
4983,United States
4984,United States
4986,United States
4987,United States
4989,United States
4991,United States
4992,United States
4993,United States
4996,United States
4997,United States
4998,United States
5000,United States
5001,United States
5003,United States
5004,United States
5005,United States
5006,United States
5008,United States
5009,United States
5010,United States
5012,United States
5013,United States
5014,United States
5015,United States
5016,United States
5017,United States
5018,United States
5019,United States
5020,United States
5021,United States
5022,United States
5023,United States
5025,United States
5026,United States
5027,United Kingdom
5028,United States
5029,United States
5030,United States
5031,United States
5033,United States
5035,United States
5036,United States
5038,United States
5046,United States
5048,United States
5049,United States
5050,United States
5052,United States
5055,United States
5056,United States
5057,United States
5058,United States
5060,United States
5061,United States
5062,United States
5063,United States
5064,United States
5067,United States
5068,United States
5069,United States
5070,United States
5074,United States
5075,United States
5076,United States
5078,United States
5081,United States
5082,United States
5083,United States
5086,United States
5087,United States
5088,United States
5089,United States
5090,United States
5091,United States
5093,United States
5094,United States
5096,United States
5097,United States
5098,United States
5099,United States
5100,United States
5101,United States
5102,Japan
5103,United States
5107,United States
5108,United States
5110,United States
5111,United States
5114,United States
5117,United States
5120,United States
5121,United States
5122,United States
5123,United States
5124,United States
5125,United States
